SR ID,SR created at,Age (days),Activation bot,Squad SR,S-Cube SR,Open escalations,Open escalation info,Total escalations,DE run status,DE sub-status,DE stage,DE next action,DE checkpoints (total),DE checkpoints (answered),S-Cube SR status,S-Cube SR closed,Checked at UTC,Product,Current owner,Audit category,Why no customer quote,Next action,Evidence,Published quote found,Customer delivery recorded,Brain workflow,Supplier review polls,Conversations,Chat complete,Chat at turn limit,Chat awaiting supplier,Product options,Human-validated options,Quote ETA state
5055,2026-09-29,6,True,https://squad.sourcy.ai/requests/5055,https://scube.sourcy.ai/dashboard/sourcing/5055,0,[],1,suspended,agent_working,Contacting suppliers,Agent is contacting suppliers & collecting quotes,1,1,BACKLOG,False,2026-10-07 01:45–01:55,Flavored cream of rice,Michael Angga,Customer answer received; supplier pricing pending,Texture clarification held the quote from Sep 30 until Oct 6. The customer chose the written texture description; it was relayed to the supplier. The supplier then explicitly said R&D pricing must wait until Oct 8.,"Follow up on formula, 500 g pouch, setup fees and sample terms after Oct 8. Do not ask the customer the already-answered texture question again.","Sep 30 texture checkpoint; answered Oct 6 11:36 UTC. Supplier 284784460 acknowledged the answer and holiday delay Oct 6 11:42 UTC. Other paths have MOQ, product-fit or response problems.",No record exposed,No,decision_engine,2,4,2,0,2,4,0,overdue
5056,2026-09-30,5,False,https://squad.sourcy.ai/requests/5056,https://scube.sourcy.ai/dashboard/sourcing/5056,0,,0,,,,,0,0,,False,2026-10-07 01:45–01:55,Compact avocado-shaped catnip toy,Alberto Reveles,Manual / no active sourcing,Legacy status is GPT_SOURCING_FAILED; no Brain run and no product options are exposed. Alberto took over on Oct 5.,"Alberto: recover sourcing or add a suitable product, validate it and build the quotation.","Zero product options, no draft, no quote versions. Failure is recorded, but the original technical error is not exposed in these read APIs.",No record exposed,No,No run,N/A,0,0,0,0,0,0,N/A
5058,2026-09-30,5,False,https://squad.sourcy.ai/requests/5058,https://scube.sourcy.ai/dashboard/sourcing/5058,0,,0,,,,,0,0,,False,2026-10-07 01:45–01:55,Rags,Jennifer Suarez Rondon,Manual / no active sourcing,"Manual legacy request with one priced, human-validated product, but no saved Squad quote draft or published quote version.",Jennifer: review the validated option and finish quotation preparation/publication. Confirm any off-system blocker.,IN_PROGRESS; no Brain run; 1/1 products human-validated. No recorded reason for the manual delay.,No record exposed,No,No run,N/A,0,0,0,0,1,1,N/A
5061,2026-09-30,5,True,https://squad.sourcy.ai/requests/5061,https://scube.sourcy.ai/dashboard/sourcing/5061,0,[],0,,,,,0,0,BACKLOG,False,2026-10-07 01:45–01:55,Designer eye patches with caffeine and Niacinamide peptides,Michael Angga,Holiday-paused supplier review,"Supplier replies have not entered the lifecycle review: zero polls, no QA or quote. Some conversations finished, one hit its turn limit, and one supplier explicitly deferred to Oct 8.","Review existing replies after polling resumes; recover the turn-limited chat and complete private-label, packaging and sample details.",Supplier 250702194 said on Oct 5 02:30 UTC that they were on National Day holiday and would reply on Oct 8. Supplier 285045666 hit 20 turns; its last exchange asks for a sample shipping address. Two other returned histories predate this SR and are not current-SR evidence.,No record exposed,No,control,0,5,2,1,2,5,0,paused
5062,2026-09-30,5,True,https://squad.sourcy.ai/requests/5062,https://scube.sourcy.ai/dashboard/sourcing/5062,0,[],0,running,agent_working,Contacting suppliers,Agent is contacting suppliers & collecting quotes,0,0,BACKLOG,False,2026-10-07 01:45–01:55,Premium 6-layer pee pads,Michael Angga,Holiday-paused supplier review,"Zero lifecycle polls despite prices in chats. There is a substantial quantity/MOQ mismatch: request is about 100 pieces, while offers include 5,000 packs or 50,000 pieces per size. Custom grey film and artwork remain open.",Clarify the real order quantity and acceptable customization/MOQ; then validate the existing offers.,"Supplier b2b-2222394731414030e3 quoted MOQ 5,000 packs and size-specific prices on Oct 5. Supplier 200054579 stated 50,000 pieces per size. Supplier 258331993 requested the bag design to calculate plate fees.",No record exposed,No,decision_engine,0,5,1,0,4,6,0,paused
5063,2026-09-30,5,False,https://squad.sourcy.ai/requests/5063,https://scube.sourcy.ai/dashboard/sourcing/5063,0,,0,,,,,0,0,,False,2026-10-07 01:45–01:55,Acne Patch,Lian Li,Manual / no active sourcing,Lian has taken over; the current draft has no selected products. One remaining priced option is unvalidated; another option was rejected Oct 5.,"Lian: select and validate a viable option, then build/publish the quote.",No Brain run; draft.selected is empty; 1 unvalidated product; rejection appears in the Oct 5 audit ledger.,No record exposed,No,No run,N/A,0,0,0,0,1,0,N/A
5064,2026-10-01,4,True,https://squad.sourcy.ai/requests/5064,https://scube.sourcy.ai/dashboard/sourcing/5064,0,[],0,,,,,0,0,BACKLOG,False,2026-10-07 01:45–01:55,Home articles,Alberto Reveles,Holiday-paused supplier review,"Lifecycle review is holiday-paused, and Alberto has taken over. Supplier prices exist, but final logo, size/colour and packaging details remain under discussion.",Alberto: settle the artwork/product details and compare available prices; choose manual completion or hand back for processing.,"Suppliers quoted standard and logo pricing. Supplier 251518772 was still asking when the logo would be ready on Oct 7. Two conversations reached their turn limits. Legacy assignee is Michael, but current takeover owner is Alberto.",No record exposed,No,control,0,5,1,2,2,6,0,paused
5065,2026-10-01,4,True,https://squad.sourcy.ai/requests/5065,https://scube.sourcy.ai/dashboard/sourcing/5065,0,[],0,,,,,0,0,BACKLOG,False,2026-10-07 01:45–01:55,Authentic Calvin Klein and Tommy Hilfiger clothing +1 more,Michael Angga,Holiday-paused supplier review,Zero polls; sourcing also has a genuine channel mismatch. Several contacted suppliers cannot supply authentic CK/Tommy Hilfiger clothing or the requested branded perfumes.,"Use authorized branded-stock sources, or get customer approval for alternatives; review remaining replies instead of treating completed chats as qualified suppliers.","Supplier 254342596 explicitly said it was not an authorized CK/TH distributor; 268017296 could not supply those brands; 966306452 had no stock. Perfume replies include own-brand-only or no matching product. Six chats are marked complete, which does not mean six usable quotes.",No record exposed,No,control,0,10,6,0,4,5,0,paused
5066,2026-10-01,4,False,https://squad.sourcy.ai/requests/5066,https://scube.sourcy.ai/dashboard/sourcing/5066,0,[],0,,,,,0,0,BACKLOG,False,2026-10-07 01:45–01:55,Pouch Packaging,Jennifer Suarez Rondon,Manual / no active sourcing,Explicit manual mode: the run only created the request and completed. Sourcing agents were not activated; there are no product options or quote draft.,Jennifer: source/add products manually or activate the intended sourcing flow.,"automationMode=manual; submitted stage only; no supplier conversations, no products, no draft.",No record exposed,No,control,,0,0,0,0,0,0,paused
5067,2026-10-01,4,False,https://squad.sourcy.ai/requests/5067,https://scube.sourcy.ai/dashboard/sourcing/5067,0,[],0,,,,,0,0,BACKLOG,False,2026-10-07 01:45–01:55,mini tote bag,Francisco Reyes Nuñez,Holiday-paused supplier review,"A supplier quotation has already arrived, but zero lifecycle polls means it has not reached QA/quote generation.","Prioritize reviewing the received quote and attachments, validate material/colour, then prepare the customer quote.","Supplier b2b-22201797002571c161 quoted dyed cotton at 6.0 per bag for 500 units with print setup included. On Oct 2 01:09 UTC the Sourcy side acknowledged receipt of the quotation with quantity, handle, carton and sampling details. Attachment contents were not independently validated.",No record exposed,No,control,0,4,3,0,1,4,0,paused
5068,2026-10-01,4,False,https://squad.sourcy.ai/requests/5068,https://scube.sourcy.ai/dashboard/sourcing/5068,0,,0,,,,,0,0,,False,2026-10-07 01:45–01:55,Dog Harness,Jennifer Suarez Rondon,Manual / no active sourcing,"Manual legacy request with 14 priced, human-validated options, but no saved Squad draft or published quote version.",Jennifer: review the options and prepare the customer quotation; confirm why manual preparation has not advanced.,IN_PROGRESS; no Brain run; 14/14 options human-validated. No explicit manual-delay reason is recorded.,No record exposed,No,No run,N/A,0,0,0,0,14,14,N/A
5069,2026-10-01,4,True,https://squad.sourcy.ai/requests/5069,https://scube.sourcy.ai/dashboard/sourcing/5069,0,[],0,running,agent_working,Contacting suppliers,Agent is contacting suppliers & collecting quotes,0,0,BACKLOG,False,2026-10-07 01:45–01:55,Black short-sleeved dri-fit shirt,Michael Angga,Holiday-paused supplier review,Zero lifecycle polls despite supplier pricing/sample discussions. One supplier still needs fabric weight and hangtag details; another chat reached 20 turns.,Finalize fabric/label specifications and review the already-collected supplier data.,Supplier b2b-2217140783239e8225 requested hangtag/fabric weight before pricing on Oct 1. Another thread ended with Sourcy acknowledging prices and shipping details. No structured supplier reviews are present.,No record exposed,No,decision_engine,0,3,2,1,0,3,0,paused
5072,2026-10-02,3,False,https://squad.sourcy.ai/requests/5072,https://scube.sourcy.ai/dashboard/sourcing/5072,0,,0,,,,,0,0,,False,2026-10-07 01:45–01:55,Premium Flexible Scrub Sponge +14 more,Wing Man Poon,"Published, not sent","The quotation was generated and published, twice. The audit ledger explicitly records publication without notifying anyone; no delivery is recorded. The summary status incorrectly still says not_started.",Wing Man Poon: review the published revision 2 and use Send to customer when ready. Separately reconcile the misleading summary status.,"Published Oct 2 and revised Oct 3 03:39 UTC; quotation 96162897-89a7-4976-8569-63d1dc5462dc. Revision 2 ledger: 21 quote lines, $56,894.50. Published quote is independently present in order-options. No reason for choosing not to send is recorded.",Yes,No,No run,N/A,0,0,0,0,21,0,N/A
5073,2026-10-02,3,True,https://squad.sourcy.ai/requests/5073,https://scube.sourcy.ai/dashboard/sourcing/5073,0,[],0,,,,,0,0,BACKLOG,False,2026-10-07 01:45–01:55,Loro Piana-inspired quarter-zip with company logo,Michael Angga,Holiday-paused supplier review,Zero polls; suppliers still owe pricing/visual confirmation. One thread hit the turn limit while waiting for actual product photos; another deferred a quote until after the holiday.,"Get the promised photos and supplier price, and resume the capped conversation only if more information is needed.",Supplier b2b-221479415768251e8f promised photos later on Oct 2; b2b-221246655272048297 was asked for a post-holiday quote; 267847884 stated MOQ 50. One returned conversation has no transported messages.,No record exposed,No,control,0,5,1,1,3,5,0,paused
5074,2026-10-02,3,True,https://squad.sourcy.ai/requests/5074,https://scube.sourcy.ai/dashboard/sourcing/5074,0,[],0,,,,,0,0,BACKLOG,False,2026-10-07 01:45–01:55,Women's Vietnam-style blouses and peplum tops,Michael Angga,Holiday-paused supplier review,"Prices and shipping estimates exist but have not been reviewed. Offers use different quantities and fabric assumptions, and two chats hit their turn limits.","Align the requested style, material and quantity, then compare landed pricing before building the quote.","Supplier 130180916 offered cotton blend at FOB $11.50 per set for 200 sets and later a two-week production lead time. Other threads discuss 10, 50 or 70 pieces. These are not interchangeable quotations.",No record exposed,No,control,0,4,0,2,2,8,0,paused
5075,2026-10-02,3,True,https://squad.sourcy.ai/requests/5075,https://scube.sourcy.ai/dashboard/sourcing/5075,0,[],0,,,,,0,0,BACKLOG,False,2026-10-07 01:45–01:55,Picture-frame decorating kit,Michael Angga,Holiday-paused supplier review,"Zero polls; the request is for two customized samples with bulk quantity undecided. Some sample terms exist, while suppliers still need kit/packaging details or are away for the holiday.","Settle kit contents and packaging, compare available sample terms, and obtain any missing price.","Supplier 243488890 explicitly said on Oct 5 they would check after returning from holiday. Supplier 7072288079 was still discussing glue, glass beads and resin charms. The b2b-281801705826314 thread acknowledges sample fee and timing.",No record exposed,No,control,0,5,2,0,3,7,0,paused
5076,2026-10-02,3,True,https://squad.sourcy.ai/requests/5076,https://scube.sourcy.ai/dashboard/sourcing/5076,0,[],0,,,,,0,0,BACKLOG,False,2026-10-07 01:45–01:55,Clothing,Michael Angga,Holiday-paused supplier review,Supplier prices exist but zero review polls have run. Final design/fabric and packaging affect pricing; some offers require 200 pieces per colour/size.,"Confirm design, fabric and quantity, then review compatible offers. Do not import the unrelated old supplier thread as this SR’s evidence.",Supplier b2b-2221275055828e7ba3 stated 200 pieces per colour/size and required packaging details. b2b-2219367156357404b8 quoted 48 per piece; b2b-2814085752038a3 said final design determines price. One returned history entirely predates this SR.,No record exposed,No,control,0,5,3,1,1,7,0,paused
5077,2026-10-02,3,False,https://squad.sourcy.ai/requests/5077,https://scube.sourcy.ai/dashboard/sourcing/5077,0,,0,,,,,0,0,,False,2026-10-07 01:45–01:55,Kaoule KA20260923,Jennifer Suarez Rondon,Manual / no active sourcing,"Manual legacy request: seven priced options, only one marked human-validated, with no saved Squad quote draft or published version.",Jennifer: validate/select the intended options and prepare the quote.,IN_PROGRESS; no Brain run; 1 validated and 6 unvalidated products. The business reason for the manual delay is not recorded.,No record exposed,No,No run,N/A,0,0,0,0,7,1,N/A
5078,2026-10-02,3,False,https://squad.sourcy.ai/requests/5078,https://scube.sourcy.ai/dashboard/sourcing/5078,0,,0,,,,,0,0,,False,2026-10-07 01:45–01:55,Aobo 20260918,Jennifer Suarez Rondon,Manual / no active sourcing,"Manual legacy request: four priced, human-validated products, including two under Unassigned products. No saved Squad quote draft or published version.","Jennifer: assign the loose products to the right item, review selections and prepare the quotation.",IN_PROGRESS; no Brain run; 4/4 products human-validated; no draft. No explicit manual-delay reason is recorded.,No record exposed,No,No run,N/A,0,0,0,0,4,4,N/A
5079,2026-10-02,3,True,https://squad.sourcy.ai/requests/5079,https://scube.sourcy.ai/dashboard/sourcing/5079,0,[],0,,,,,0,0,BACKLOG,False,2026-10-07 01:45–01:55,300 ml aluminum cup with straw,Michael Angga,Holiday-paused supplier review,"Several prices are already in chats, but zero lifecycle polls have processed them. Variants, screen/setup fees, packaging and taxes differ, and two chats reached their limits.","Compare the exact requested cup/printing configuration, reconcile fees and packaging, and build the quote from validated offers.","Supplier b2b-221427243485216e24 quoted 20 per cup + 200 screen fee; b2b-3994156489124e6 quoted 7.6 at 500 units + 200 screen fee, with extra box/tax terms. Another offer is 2.8 including single-colour logo. Different specifications must be checked before comparison.",No record exposed,No,control,0,5,1,2,2,12,0,paused
5080,2026-10-02,3,True,https://squad.sourcy.ai/requests/5080,https://scube.sourcy.ai/dashboard/sourcing/5080,0,[],0,running,agent_working,Contacting suppliers,Agent is contacting suppliers & collecting quotes,0,0,BACKLOG,False,2026-10-07 01:45–01:55,Electric mountain bike,Michael Angga,Holiday-paused supplier review,"Sample pricing exists but review polling is paused. Custom-logo MOQs are 30–100 bikes, with motor/battery specification and bulk pricing still being clarified; two chats are capped.",Confirm sample versus branded bulk scope and electrical specifications; validate the compatible offer and final landed price.,"Supplier b2b-221317156198064d4f gave 2,000 for a 36V 10Ah / 350W bike and later 2,100 including Shenzhen shipping. b2b-1946803610 stated custom MOQ 100 and 30-day delivery. These are supplier statements, not approved customer pricing.",No record exposed,No,decision_engine,0,5,0,2,3,16,0,paused
5081,2026-10-04,1,True,https://squad.sourcy.ai/requests/5081,https://scube.sourcy.ai/dashboard/sourcing/5081,0,[],0,running,agent_working,Contacting suppliers,Agent is contacting suppliers & collecting quotes,0,0,BACKLOG,False,2026-10-07 01:45–01:55,Action camera,Michael Angga,Holiday-paused supplier review,"Review polling is paused, and there is a genuine must-have mismatch: multiple suppliers only offer plastic camera bodies while the request specifies metal.",Find a metal-body option or obtain explicit customer approval to relax that requirement before quoting.,"Suppliers b2b-2838728513d3a82, b2b-3001363942aedbc and eroda2010 confirmed plastic/no metal option. One other chat is turn-limited. Existing stock does not establish compliance with the metal-body requirement.",No record exposed,No,decision_engine,0,5,1,1,3,6,0,paused
5082,2026-10-04,1,True,https://squad.sourcy.ai/requests/5082,https://scube.sourcy.ai/dashboard/sourcing/5082,0,[],0,,,,,0,0,BACKLOG,False,2026-10-07 01:45–01:55,Tie with institutional design +1 more,Michael Angga,Holiday-paused supplier review,"Zero review polls; custom tie/scarf pricing is waiting on final artwork, box details and scarf dimensions/printing method. Some provisional prices exist; one chat is capped.","Get final artwork and specifications, reconcile item-specific MOQs and price the approved design.",Supplier 200265104 asked for the pattern and box before pricing; 284854856 awaits final artwork; b2b-22196833123212bff3 will price after artwork; clssjf gave provisional price/tax/shipping terms. Initial Brain 503 recovered on retry. One returned chat history predates this SR.,No record exposed,No,control,0,10,4,1,5,12,0,paused
5083,2026-10-04,1,True,https://squad.sourcy.ai/requests/5083,https://scube.sourcy.ai/dashboard/sourcing/5083,0,[],0,running,agent_working,Contacting suppliers,Agent is contacting suppliers & collecting quotes,0,0,BACKLOG,False,2026-10-07 01:45–01:55,HDPE yogurt bottle with integrated handle,Michael Angga,Holiday-paused supplier review,Review polling is paused; both shortlisted bottle paths have fit problems. The near-size bottle lacks a finished-product food-contact report; supplier says new testing takes 60 days. The other supplier lacks the requested dimensions.,Find a compliant bottle or agree the dimension/testing trade-off with the customer; do not mark material-only reports as finished-bottle certification.,"Supplier b2b-2204171218364afba7 offered B282 at 152×73 mm, 1.2 excluding tax/shipping, in stock, but its raw-material report excludes this bottle size and new testing takes 60 days. b2b-221964821371366d6a said it has no matching dimensions.",No record exposed,No,decision_engine,0,2,0,1,1,2,0,paused
5084,2026-10-04,1,True,https://squad.sourcy.ai/requests/5084,https://scube.sourcy.ai/dashboard/sourcing/5084,0,[],0,,,,,0,0,BACKLOG,False,2026-10-07 01:45–01:55,Matcha ritual tools,Michael Angga,Holiday-paused supplier review,Zero polls; supplier-fit and documentation gaps remain. Some suppliers cannot customize the required set/size or provide the requested food-contact report. One thread is capped and another objects to repeated bot questions.,Review which supplier can satisfy the full set and documentation; source replacements where necessary and avoid repeated questions.,Supplier b2b-221855407157363292 cannot customize style/dimensions and has no report for the linked bowl. b2b-2220089387671051bd objected to repeated bot messages on Oct 5. A complete chat status is not proof of a compliant quote.,No record exposed,No,control,0,5,3,1,1,5,0,paused
5085,2026-10-04,1,True,https://squad.sourcy.ai/requests/5085,https://scube.sourcy.ai/dashboard/sourcing/5085,0,[],0,,,,,0,0,BACKLOG,False,2026-10-07 01:45–01:55,Pink two-piece hospital scrub set,Michael Angga,Holiday-paused supplier review,"Supplier prices exist but review polling is paused. Fabric compositions differ, one supplier has no suitable fabric, and three of five conversations hit the turn limit.","Compare fabric compliance, logo, size range and MOQ; validate the closest offer and collect only the remaining missing facts.",One supplier quoted 60 per set with 70/27/3 fabric; another 68 with logo using 75/20/5 fabric and a 500 sample fee. Another offers 72/22/6 fabric with custom MOQ 500. b2b-221288935286818306 explicitly says the fabric is unavailable.,No record exposed,No,control,0,5,2,3,0,19,0,paused
5086,2026-10-04,1,True,https://squad.sourcy.ai/requests/5086,https://scube.sourcy.ai/dashboard/sourcing/5086,0,[],0,,,,,0,0,BACKLOG,False,2026-10-07 01:45–01:55,Palm pitch oil,Michael Angga,Holiday-paused supplier review,"Only one supplier was contacted. It has quoted $850/ton FOB Medan and four weeks, but that price followed a 1,400-ton enquiry; the requested 100-ton price and bulk-tanker basis still need explicit confirmation.","Confirm price/MOQ and tanker terms at 100 tons, then validate the offer; consider an additional matching supplier.","Supplier 276499662 initially stated MOQ 1,400 tons, later said 100 tons was possible, then quoted $850/ton FOB Medan. Sourcy asked again for the 100-ton rate on Oct 6 17:26 UTC. A global China holiday gate also pauses this SR although the quoted origin is Medan.",No record exposed,No,control,0,1,0,0,1,1,0,paused
